"Title","Year","DOI","Link"
"ON NETWORK-BASED EPIDEMIOLOGICAL MODELS: ANALYSIS, SIMULATIONS, AND CONTINUUM LIMIT","2026","10.3934/dcdsb.2025171","https://www.scopus.com/inward/record.uri?eid=2-s2.0-105023168460&doi=10.3934%2Fdcdsb.2025171&partnerID=40&md5=f79fdff99a78d1314b42766c6fe19222"
"The low-rank tensor-train finite difference method for three-dimensional parabolic equations","2026","10.1016/j.matcom.2025.08.027","https://www.scopus.com/inward/record.uri?eid=2-s2.0-105017000670&doi=10.1016%2Fj.matcom.2025.08.027&partnerID=40&md5=418d82f222838a7fb049e51fc47a2293"
"The impact of import container flow characteristics on port operational efficiency","2026","10.1016/j.simpat.2025.103228","https://www.scopus.com/inward/record.uri?eid=2-s2.0-105023990409&doi=10.1016%2Fj.simpat.2025.103228&partnerID=40&md5=0f76910bda8409c1f1a068d0fe221cf0"
"In-situ response to injury shows the short-term impacts of elevated temperatures on two mediterranean corals, Cladocora caespitosa (Linnaeus, 1767) and Balanophyllia Europaea (Risso, 1827)","2026","10.1007/s00227-025-04754-w","https://www.scopus.com/inward/record.uri?eid=2-s2.0-105022620733&doi=10.1007%2Fs00227-025-04754-w&partnerID=40&md5=cdbe4ebae37c92ee39e986a3b73fbc50"
"Fair Termination for Resource-Aware Active Objects","2026","10.1007/978-981-95-3585-9_2","https://www.scopus.com/inward/record.uri?eid=2-s2.0-105021918332&doi=10.1007%2F978-981-95-3585-9_2&partnerID=40&md5=5d64101e86a0c2a135ba2705b0642227"
"Dispersion monitoring services in the Mediterranean Sea: A multi-model statistical approach","2026","10.1016/j.marpolbul.2025.118574","https://www.scopus.com/inward/record.uri?eid=2-s2.0-105020851283&doi=10.1016%2Fj.marpolbul.2025.118574&partnerID=40&md5=fd1525a04f798d3fc18390f0773f0153"
"Clinically-Guided Data Synthesis for Laryngeal Lesion Detection","2026","10.1007/978-3-032-05141-7_6","https://www.scopus.com/inward/record.uri?eid=2-s2.0-105018100446&doi=10.1007%2F978-3-032-05141-7_6&partnerID=40&md5=5b21934f198321af700b71b874d8d049"
"Towards Patient-Specific Deformable Registration in Laparoscopic Surgery","2026","10.1007/978-3-032-05114-1_61","https://www.scopus.com/inward/record.uri?eid=2-s2.0-105017967613&doi=10.1007%2F978-3-032-05114-1_61&partnerID=40&md5=04d3b32f98b7559e96318ce2ce31ace4"
"Empowering Accessible Social Engagement in Virtual Reality: Piloting a Preparatory Usability Experience on Neurotypical Individuals","2026","10.1007/978-3-031-97763-3_10","https://www.scopus.com/inward/record.uri?eid=2-s2.0-105015582490&doi=10.1007%2F978-3-031-97763-3_10&partnerID=40&md5=48152b0faca9ff3a6d3a0ac043f106dd"
"Segmentation of stochastic scalar fields in unstructured meshes","2026","10.1016/j.cageo.2025.106041","https://www.scopus.com/inward/record.uri?eid=2-s2.0-105015071125&doi=10.1016%2Fj.cageo.2025.106041&partnerID=40&md5=d8a01a49f2f46258cb65782d72e8f81c"
"Protocol for the enhanced analysis of electrophysiological data from high-density multi-electrode arrays with nicespike and spikeNburst","2025","10.1016/j.xpro.2025.104195","https://www.scopus.com/inward/record.uri?eid=2-s2.0-105022794976&doi=10.1016%2Fj.xpro.2025.104195&partnerID=40&md5=81ae60fa33560777e7cc09e634482892"
"Magnetic susceptibility components reveal different aspects of neurodegeneration in alpha-synucleinopathies","2025","10.1038/s41598-024-83593-z","https://www.scopus.com/inward/record.uri?eid=2-s2.0-85218024094&doi=10.1038%2Fs41598-024-83593-z&partnerID=40&md5=47beaf7bd81c384dc26ae11f9dadb613"
"Logic-based Approach and Visualization for the Nuclear Medicine Rescheduling Problem","2025","10.1007/s10916-025-02301-0","https://www.scopus.com/inward/record.uri?eid=2-s2.0-105022611050&doi=10.1007%2Fs10916-025-02301-0&partnerID=40&md5=539f60f5bade7f5908e37ff0f6ca3a57"
"A Dual-stage Deep Learning Framework for Breast Ultrasound Image Segmentation and Classification","2025","10.1007/s10916-025-02298-6","https://www.scopus.com/inward/record.uri?eid=2-s2.0-105022110315&doi=10.1007%2Fs10916-025-02298-6&partnerID=40&md5=fdf81b1ce7c9bd3dae37491ee0fe3396"
"Insights into the dimensionless stability analysis of homogeneous slopes","2025","10.1016/j.enggeo.2025.108443","https://www.scopus.com/inward/record.uri?eid=2-s2.0-105020957463&doi=10.1016%2Fj.enggeo.2025.108443&partnerID=40&md5=dfb13c4e37fd516d07b7130b3e341148"
"A novel approach for non-invasive, simultaneous, and realtime monitoring of BCG, BPW, and heart sounds with flexible and bio-compatible piezoelectric AlN sensor","2025","10.1016/j.biosx.2025.100693","https://www.scopus.com/inward/record.uri?eid=2-s2.0-105017841831&doi=10.1016%2Fj.biosx.2025.100693&partnerID=40&md5=1ca40e279f008080757f47b4974132ca"
"Investigating the capabilities of novel silk sericin-based electrodes to measure electrocardiogram signals by using machine learning techniques","2025","10.1016/j.mtcomm.2025.113816","https://www.scopus.com/inward/record.uri?eid=2-s2.0-105016315673&doi=10.1016%2Fj.mtcomm.2025.113816&partnerID=40&md5=5419b28de5fe8810b2c7af8c2dfb9b15"
"Electrically Conductive and Recyclable Biocomposite Coatings for Robotic Grippers and Touch Sensors","2025","10.1002/aisy.202500576","https://www.scopus.com/inward/record.uri?eid=2-s2.0-105009828347&doi=10.1002%2Faisy.202500576&partnerID=40&md5=76a14ded21837f3307dd6ceebc29b6de"
"Monoallelic gene expression in developing cells increases genetic noise and Shannon entropy","2025","10.1038/s42003-025-08128-2","https://www.scopus.com/inward/record.uri?eid=2-s2.0-105007246295&doi=10.1038%2Fs42003-025-08128-2&partnerID=40&md5=e111006ee57e52f9c1c20349484d18b3"
"Impact of white noise on spatial navigation of people without visual cues","2025","10.1038/s41598-025-03067-8","https://www.scopus.com/inward/record.uri?eid=2-s2.0-105005799880&doi=10.1038%2Fs41598-025-03067-8&partnerID=40&md5=bbf4719768b2ca73321724c733d905a6"
"A Lagrangian perspective reveals the carbon and oxygen budget of an oceanic eddy","2025","10.1038/s43247-025-02262-9","https://www.scopus.com/inward/record.uri?eid=2-s2.0-105003388294&doi=10.1038%2Fs43247-025-02262-9&partnerID=40&md5=1a1693d6a459040f61c7a22fd0cb495b"
"Direct Nucleation of Hierarchical Nanostructures on Plasmonic Fiber Optics Enables Enhanced SERS Performance","2025","10.1002/advs.202509947","https://www.scopus.com/inward/record.uri?eid=2-s2.0-105015616465&doi=10.1002%2Fadvs.202509947&partnerID=40&md5=a55b5c7060b061e695964429e1a64f96"
"RAISE e(co)-cities. Ecosistemi, nuove tecnologie e sviluppo socioeconomico in reti multi-urbane","2025","10.36253/techne-17406","https://www.scopus.com/inward/record.uri?eid=2-s2.0-105023120899&doi=10.36253%2Ftechne-17406&partnerID=40&md5=ca5d92a58c768e5052781bdccc66db53"
"Geometry-aware estimation of photovoltaic energy from aerial LiDAR point clouds","2025","10.1016/j.cag.2025.104424","https://www.scopus.com/inward/record.uri?eid=2-s2.0-105015834170&doi=10.1016%2Fj.cag.2025.104424&partnerID=40&md5=8067219c1d18aa320f8b096694ca4928"
"SHREC 2025: Protein surface shape retrieval including electrostatic potential","2025","10.1016/j.cag.2025.104394","https://www.scopus.com/inward/record.uri?eid=2-s2.0-105015034688&doi=10.1016%2Fj.cag.2025.104394&partnerID=40&md5=54d68b67f1fdd3a9857d57b0722da00e"
"Optimizing neural network training for nearshore sea state forecasts using maximum dissimilarity algorithm","2025","10.1007/s40722-025-00426-5","https://www.scopus.com/inward/record.uri?eid=2-s2.0-105014601881&doi=10.1007%2Fs40722-025-00426-5&partnerID=40&md5=c69686cb4f7747fda53333c9af7f2c62"
"Comparison of 10- and 25-year horizon designs for vertical borehole heat exchangers in geothermal heat pump applications","2025","10.1016/j.geothermics.2025.103457","https://www.scopus.com/inward/record.uri?eid=2-s2.0-105011671265&doi=10.1016%2Fj.geothermics.2025.103457&partnerID=40&md5=126c136b1eaa21cf53f6539cd12e21bc"
"Surgical neural radiance fields from one image","2025","10.1007/s11548-025-03447-5","https://www.scopus.com/inward/record.uri?eid=2-s2.0-105008403651&doi=10.1007%2Fs11548-025-03447-5&partnerID=40&md5=d5edc4cd8dcdc5dbd159cefa3ad66fc0"
"Cerebrospinal Fluid Biomarkers Profiling in Cerebral Amyloid Angiopathy and Relationship With Disease Phenotypes","2025","10.1161/JAHA.125.044784","https://www.scopus.com/inward/record.uri?eid=2-s2.0-105019818315&doi=10.1161%2FJAHA.125.044784&partnerID=40&md5=0616f5d1070863dbbc0e3732325903f6"
"Data-driven performance metrics for neural network learning","2025","10.1002/acs.3701","https://www.scopus.com/inward/record.uri?eid=2-s2.0-85174414107&doi=10.1002%2Facs.3701&partnerID=40&md5=677eb8c0971f229df6d58522001adf1b"
"Enhancing Mobility for the Blind: An AI-Powered Bus Route Recognition System","2025","10.3390/a18100616","https://www.scopus.com/inward/record.uri?eid=2-s2.0-105020023343&doi=10.3390%2Fa18100616&partnerID=40&md5=09724e872236aec49278320f78d59670"
"A Novel Whole-Body Wearable Technology for Motor Assessment in Multiple Sclerosis: Feasibility and Usability Pilot Study","2025","10.3390/s25196214","https://www.scopus.com/inward/record.uri?eid=2-s2.0-105018892788&doi=10.3390%2Fs25196214&partnerID=40&md5=766d9d57491f2a51a8fcce060d54f4c3"
"Frontoparietal network activity during a combined action observation and proprioceptive stimulation protocol reveals long-term plasticity in the primary motor cortex","2025","10.1016/j.neuroimage.2025.121432","https://www.scopus.com/inward/record.uri?eid=2-s2.0-105014128282&doi=10.1016%2Fj.neuroimage.2025.121432&partnerID=40&md5=27329fe3422f78af5dc2149438d57acc"
"Wearable monitoring for evaluating non-visual effects of light on health and well-being: a systematic review","2025","10.1016/j.buildenv.2025.113482","https://www.scopus.com/inward/record.uri?eid=2-s2.0-105012880242&doi=10.1016%2Fj.buildenv.2025.113482&partnerID=40&md5=abfa4c32b125f83c0edb005169fda7d0"
"Grapevine winter pruning: Merging 2D segmentation and 3D point clouds for pruning point generation","2025","10.1016/j.compag.2025.110589","https://www.scopus.com/inward/record.uri?eid=2-s2.0-105009341575&doi=10.1016%2Fj.compag.2025.110589&partnerID=40&md5=a6129171be706b21c696cec9b4caa26f"
"Vehicle localization in an explainable dynamic Bayesian network framework for self-aware agents","2025","10.1016/j.inffus.2025.103136","https://www.scopus.com/inward/record.uri?eid=2-s2.0-105002287594&doi=10.1016%2Fj.inffus.2025.103136&partnerID=40&md5=ee68c2116a1808ffd455e6069caf6f3a"
"Plant-Based Electrodes for Bioimpedance Readings of Fruit","2025","10.1002/aelm.202500109","https://www.scopus.com/inward/record.uri?eid=2-s2.0-105011054123&doi=10.1002%2Faelm.202500109&partnerID=40&md5=9ce38d6f105bc8791d5417cefd807c48"
"Segmentation variability and radiomics stability for predicting triple-negative breast cancer subtype using magnetic resonance imaging","2025","10.1117/1.JMI.12.5.054501","https://www.scopus.com/inward/record.uri?eid=2-s2.0-105020573830&doi=10.1117%2F1.JMI.12.5.054501&partnerID=40&md5=7859e7dbb8b1ea1b507f0d55b3e26b3c"
"Sustainable Materials for Energy","2025","10.3390/nano15181388","https://www.scopus.com/inward/record.uri?eid=2-s2.0-105017305067&doi=10.3390%2Fnano15181388&partnerID=40&md5=fafe292c0eab2fb33ca5a7124f6fe68a"
"Toward Autonomous UAV Swarm Navigation: A Review of Trajectory Design Paradigms","2025","10.3390/s25185877","https://www.scopus.com/inward/record.uri?eid=2-s2.0-105017224051&doi=10.3390%2Fs25185877&partnerID=40&md5=2e03b68a75717ec8ab43f2c4986da20a"
"Modulation of a Rubber Hand Illusion by Different Levels of Mental Workload: An EEG Study","2025","10.3390/app15179682","https://www.scopus.com/inward/record.uri?eid=2-s2.0-105015459305&doi=10.3390%2Fapp15179682&partnerID=40&md5=527b9a7553e6b4cefea184d9c1110437"
"Personalized Exoskeleton Gait Training in Incomplete Spinal Cord Injury","2025","10.3390/app15179269","https://www.scopus.com/inward/record.uri?eid=2-s2.0-105015439877&doi=10.3390%2Fapp15179269&partnerID=40&md5=d2c2cf3a6ee5580bd7cb36a396f360c0"
"Surgical augmented reality registration methods: A review from traditional to deep learning approaches","2025","10.1016/j.compmedimag.2025.102616","https://www.scopus.com/inward/record.uri?eid=2-s2.0-105013485062&doi=10.1016%2Fj.compmedimag.2025.102616&partnerID=40&md5=9376863cb1acb6ddb54f326b855b82ce"
"Video-based markerless assessment of bilateral upper limb motor activity following cervical spinal cord injury","2025","10.1016/j.compbiomed.2025.110908","https://www.scopus.com/inward/record.uri?eid=2-s2.0-105013374344&doi=10.1016%2Fj.compbiomed.2025.110908&partnerID=40&md5=c61e7648f8df5993712e3852e592e672"
"Comparing satellite and BGC-Argo chlorophyll estimation: A phenological study","2025","10.1016/j.rse.2025.114743","https://www.scopus.com/inward/record.uri?eid=2-s2.0-105004877755&doi=10.1016%2Fj.rse.2025.114743&partnerID=40&md5=149ca8a97adb6e979b29c3c7cd35d6f9"
"Future of cyberspace: A critical review of standard security protocols in the post-quantum era","2025","10.1016/j.cosrev.2025.100738","https://www.scopus.com/inward/record.uri?eid=2-s2.0-105000208098&doi=10.1016%2Fj.cosrev.2025.100738&partnerID=40&md5=9765972f24b74e4004a76a6eebef16a6"
"Unveiling Cortical Criticality Changes along the Prodromal to the Overt Continuum of Alpha-Synucleinopathy","2025","10.1523/JNEUROSCI.1871-24.2025","https://www.scopus.com/inward/record.uri?eid=2-s2.0-105012092857&doi=10.1523%2FJNEUROSCI.1871-24.2025&partnerID=40&md5=71df3aaf07e1209759302b62cfe36c0c"
"Fabrication of nonplanar tapered fibers to integrate optical and electrical signals for neural interfaces in vivo","2025","10.1038/s41596-024-01105-9","https://www.scopus.com/inward/record.uri?eid=2-s2.0-85217241045&doi=10.1038%2Fs41596-024-01105-9&partnerID=40&md5=f734904140877afc442575ccbc0b012e"
"Extending humanoids DCM-based walking to push heavy objects while walking","2025","10.1016/j.ifacol.2025.10.255","https://www.scopus.com/inward/record.uri?eid=2-s2.0-105023064997&doi=10.1016%2Fj.ifacol.2025.10.255&partnerID=40&md5=3c0910de3b1049af47d9466c9c06bf3b"
"How can we define a brain health chart? A narrative review and a proposal","2025","10.1177/13872877251343233","https://www.scopus.com/inward/record.uri?eid=2-s2.0-105012188822&doi=10.1177%2F13872877251343233&partnerID=40&md5=85f84c2af4ad28bf910b8c76672595e4"
"A GIS-Based Safe System Approach for Risk Assessment in the Transportation of Dangerous Goods: A Case Study in Italian Regions","2025","10.3390/systems13070580","https://www.scopus.com/inward/record.uri?eid=2-s2.0-105011764033&doi=10.3390%2Fsystems13070580&partnerID=40&md5=218bcd0e9472ddbf6151272cf9d5d2ad"
"A Unified YOLOv8 Approach for Point-of-Care Diagnostics of Salivary α-Amylase","2025","10.3390/bios15070421","https://www.scopus.com/inward/record.uri?eid=2-s2.0-105011754266&doi=10.3390%2Fbios15070421&partnerID=40&md5=76a74b4cd0b261aee55b585907cc2960"
"SnapStick: Merging AI and Accessibility to Enhance Navigation for Blind Users","2025","10.3390/technologies13070297","https://www.scopus.com/inward/record.uri?eid=2-s2.0-105011630546&doi=10.3390%2Ftechnologies13070297&partnerID=40&md5=41e88e38f7e63acd86eede18b33e46aa"
"Superhydrophobicity Effects on Spheroid Formation, Structure, and Viability on Co-Culture Conditions","2025","10.3390/ph18070953","https://www.scopus.com/inward/record.uri?eid=2-s2.0-105011624280&doi=10.3390%2Fph18070953&partnerID=40&md5=3445536b397c4c8c674c6d0226270320"
"Safety Concerns for Ammonia as a Green Energy Vector and the Role of Spray Curtains for Its Accidental Release Mitigation","2025","10.3390/en18133412","https://www.scopus.com/inward/record.uri?eid=2-s2.0-105010331392&doi=10.3390%2Fen18133412&partnerID=40&md5=1d15debfd9589e352282dcfee54834d0"
"Inferential Reading Skills in High School: A Study on Comprehension Profiles","2025","10.3390/educsci15060654","https://www.scopus.com/inward/record.uri?eid=2-s2.0-105009281126&doi=10.3390%2Feducsci15060654&partnerID=40&md5=9c3c402d8ec14480d24762974a6bddd1"
"A Physics-Informed Neural Network as a Digital Twin of Optically Turbid Media","2025","10.1002/aisy.202400574","https://www.scopus.com/inward/record.uri?eid=2-s2.0-85217640128&doi=10.1002%2Faisy.202400574&partnerID=40&md5=f983dcdb57181babbc53f138d9678962"
"Foundational issues in frequency spectrum measurement – Preliminary considerations","2025","10.1016/j.measen.2024.101502","https://www.scopus.com/inward/record.uri?eid=2-s2.0-85214514127&doi=10.1016%2Fj.measen.2024.101502&partnerID=40&md5=65d31065969d58ff1ceeb2e2e32d449d"
"Calibration of sensors for indirect sea-wavemeasurement: Experimental aspects","2025","10.1016/j.measen.2024.101524","https://www.scopus.com/inward/record.uri?eid=2-s2.0-85214278957&doi=10.1016%2Fj.measen.2024.101524&partnerID=40&md5=43ef06c55baf3d847cd0f507d343c065"
"A Generative Model Approach for LiDAR-Based Classification and Ego Vehicle Localization Using Dynamic Bayesian Networks","2025","10.3390/app15095181","https://www.scopus.com/inward/record.uri?eid=2-s2.0-105004880386&doi=10.3390%2Fapp15095181&partnerID=40&md5=8abf8be90069a91a8c27fa42c19d62fa"
"Breakthrough Assembly of a Silk Fibroin Composite for Application in Resistive Pressure Sensing","2025","10.1021/acsapm.5c00242","https://www.scopus.com/inward/record.uri?eid=2-s2.0-105003654052&doi=10.1021%2Facsapm.5c00242&partnerID=40&md5=b3a1d938c5a103afff58b02cdb8df0ed"
"Experimental compressed liquid density measurements and correlation of the binary mixture {3,3,3-trifuoropropene (R1243zf) + isobutane (R600a)}; Mesures expérimentales de la densité du liquide comprimé et corrélation du mélange binaire {3,3,3- trifuoropropène (R1243zf) + isobutane (R600a)}","2025","10.1016/j.ijrefrig.2025.01.013","https://www.scopus.com/inward/record.uri?eid=2-s2.0-85216508368&doi=10.1016%2Fj.ijrefrig.2025.01.013&partnerID=40&md5=a9cd99f28118155be0aef7d42215ee84"
"An Efficient Slope Stability Algorithm with Physically Consistent Parametrisation of Slip Surfaces","2025","10.1007/s40999-024-01053-1","https://www.scopus.com/inward/record.uri?eid=2-s2.0-105001089283&doi=10.1007%2Fs40999-024-01053-1&partnerID=40&md5=73ebc33834cf2d81be89490638610ce0"
"Damping assessment of monopole steel structures through full-scale experiments","2025","10.1016/j.engstruct.2025.119627","https://www.scopus.com/inward/record.uri?eid=2-s2.0-85214828718&doi=10.1016%2Fj.engstruct.2025.119627&partnerID=40&md5=ec439d2595040db37a5e0e23d8f4afa3"
"Sericin Electrodes with Self-Adhesive Properties for Biosignaling","2025","10.1021/acsbiomaterials.4c02234","https://www.scopus.com/inward/record.uri?eid=2-s2.0-85217111640&doi=10.1021%2Facsbiomaterials.4c02234&partnerID=40&md5=5db103ea934b4b3c979c334844632b08"
"Experimental Compressed Liquid Density Measurements and Correlation of the Binary Mixture {n-Pentane (R601) + Trans-1-chloro-3,3,3-trifluoro-1-propene (R1233zd(E))}","2025","10.1007/s10765-025-03509-5","https://www.scopus.com/inward/record.uri?eid=2-s2.0-85217780738&doi=10.1007%2Fs10765-025-03509-5&partnerID=40&md5=c56fd50fad7826cddf14e16277cf1bf2"
"Improving real-time detection of laryngeal lesions in endoscopic images using a decoupled super-resolution enhanced YOLO","2025","10.1016/j.cmpb.2024.108539","https://www.scopus.com/inward/record.uri?eid=2-s2.0-85212141445&doi=10.1016%2Fj.cmpb.2024.108539&partnerID=40&md5=3a7747c8624424fef1eda7256c68fcd1"
"An unconstrained optimization approach to the stochastic traffic assignment with electric vehicles","2025","10.1016/j.conengprac.2024.106177","https://www.scopus.com/inward/record.uri?eid=2-s2.0-85210914938&doi=10.1016%2Fj.conengprac.2024.106177&partnerID=40&md5=f245130021699288550473fa08faec4d"
"Analysis and comparison of high-performance computing solvers for minimisation problems in signal processing","2025","10.1016/j.matcom.2024.10.003","https://www.scopus.com/inward/record.uri?eid=2-s2.0-85207103642&doi=10.1016%2Fj.matcom.2024.10.003&partnerID=40&md5=33036377bc81517def22027de897b775"
"Usability of a Robot Avatar Designed for the Real World: The Alter-Ego X Case Study","2025","10.1007/s12369-024-01173-7","https://www.scopus.com/inward/record.uri?eid=2-s2.0-105001538074&doi=10.1007%2Fs12369-024-01173-7&partnerID=40&md5=ad0f5c0cb5773ea4d22346a318f3be72"
"Learning-based and quality preserving super-resolution of noisy images","2025","10.1007/s11042-024-19202-y","https://www.scopus.com/inward/record.uri?eid=2-s2.0-105001087395&doi=10.1007%2Fs11042-024-19202-y&partnerID=40&md5=e48e08ef70935dfd06678ce337cc236e"
"Neurological long COVID in the outpatient clinic: Is it so long?","2025","10.1111/ene.16510","https://www.scopus.com/inward/record.uri?eid=2-s2.0-105000939012&doi=10.1111%2Fene.16510&partnerID=40&md5=fa4f3125fc27a4b4f1d8fb2dc45fc38b"
"Beyond early motor response: Longitudinal cognitive and gait assessments after extended lumbar drainage in normal pressure hydrocephalus","2025","10.1111/ene.16567","https://www.scopus.com/inward/record.uri?eid=2-s2.0-105000420822&doi=10.1111%2Fene.16567&partnerID=40&md5=d96a22f6c3b5caf965f4b92cbc1d06ae"
"Deep learning-enabled gradient-based optimization of near-field enhancement in nano-plasmonic structures","2025","10.1063/5.0252572","https://www.scopus.com/inward/record.uri?eid=2-s2.0-105000064343&doi=10.1063%2F5.0252572&partnerID=40&md5=17c87ca29cd859582e907b8efba6b0c8"
"Design and 3D Printing of Low-Cost Functional Sports Devices for the Upper Limb","2025","10.3390/prosthesis7010017","https://www.scopus.com/inward/record.uri?eid=2-s2.0-85218883242&doi=10.3390%2Fprosthesis7010017&partnerID=40&md5=d339b12cd05110930e9743c9d612a274"
"Mobile Robots for Environment-Aware Navigation: A Code-Free Approach with Topometric Maps for Non-Expert Users","2025","10.3390/robotics14020019","https://www.scopus.com/inward/record.uri?eid=2-s2.0-85218859861&doi=10.3390%2Frobotics14020019&partnerID=40&md5=cae205d73c93cb9830f25ea2a0e82edc"
"Vibrational fiber photometry: label-free and reporter-free minimally invasive Raman spectroscopy deep in the mouse brain","2025","10.1038/s41592-024-02557-3","https://www.scopus.com/inward/record.uri?eid=2-s2.0-85213692219&doi=10.1038%2Fs41592-024-02557-3&partnerID=40&md5=b7f7e894962ea2c1fbff48656a775a97"
"Discretisation of the Hough parameter space for fitting and recognising geometric primitives in 3D point clouds","2025","10.1016/j.matcom.2024.08.033","https://www.scopus.com/inward/record.uri?eid=2-s2.0-85203130215&doi=10.1016%2Fj.matcom.2024.08.033&partnerID=40&md5=671701b669354197ff7712517600ebc1"
"US & MR/CT Image Fusion with Markerless Skin Registration: A Proof of Concept","2025","10.1007/s10278-024-01176-w","https://www.scopus.com/inward/record.uri?eid=2-s2.0-105007759038&doi=10.1007%2Fs10278-024-01176-w&partnerID=40&md5=cc74b4c97d930a5f3dcff0fc3e203a3f"
"Mesh optimization for the virtual element method: How small can an agglomerated mesh become?","2025","10.1016/j.jcp.2024.113552","https://www.scopus.com/inward/record.uri?eid=2-s2.0-85208051211&doi=10.1016%2Fj.jcp.2024.113552&partnerID=40&md5=cba34171ca949b3f91904996325a87ad"
"Robot-Based Assessment of Sitting Balance: Muscular Responses to Self- and Externally-Controlled Perturbations in Seated Position","2025","10.1109/ACCESS.2025.3540654","https://www.scopus.com/inward/record.uri?eid=2-s2.0-86000777968&doi=10.1109%2FACCESS.2025.3540654&partnerID=40&md5=9bd1671cf8c4a36d43fa9680603cee1a"
"Robot-Based Assessment of Motor-Cognitive Dual-Task Abilities in Unimpaired Adults","2025","10.1007/978-3-031-77588-8_86","https://www.scopus.com/inward/record.uri?eid=2-s2.0-86000534364&doi=10.1007%2F978-3-031-77588-8_86&partnerID=40&md5=af796adfad939c0ee79ae48c67ca3046"
"Testing Linear or Non Linear Mapping Algorithms for a Hybrid Body-Machine Interface That Combines Movement and Muscle Signals","2025","10.1007/978-3-031-77588-8_68","https://www.scopus.com/inward/record.uri?eid=2-s2.0-86000489316&doi=10.1007%2F978-3-031-77588-8_68&partnerID=40&md5=8fdfd8b3f2e0e344136ac099cc37eab0"
"Modeling Interactions between Autonomous Agents in a Multi-Agent Self-Awareness Architecture","2025","10.1109/TMM.2025.3543110","https://www.scopus.com/inward/record.uri?eid=2-s2.0-85218784759&doi=10.1109%2FTMM.2025.3543110&partnerID=40&md5=a2544efb4a1176de54ffb3ec2c5552a3"
"Combined effects of pollution and bacterial infection in Sabella spallanzanii (Gmelin, 1971)","2025","10.1080/24750263.2024.2432435","https://www.scopus.com/inward/record.uri?eid=2-s2.0-85215131616&doi=10.1080%2F24750263.2024.2432435&partnerID=40&md5=11450ee50d8b5b4077e2bed19b3fd5b8"
"Artificial intelligence and network science as tools to illustrate academic research evolution in interdisciplinary fields: The case of Italian design","2025","10.1371/journal.pone.0315216","https://www.scopus.com/inward/record.uri?eid=2-s2.0-85214969562&doi=10.1371%2Fjournal.pone.0315216&partnerID=40&md5=03f74e4fa3cf1952f239cd69f9d2fc5b"
"HEK293 Cell–Based Assay to Measure the Lipid Scrambling Activity of TMEM16 Family Members","2025","10.1007/978-1-0716-4318-1_9","https://www.scopus.com/inward/record.uri?eid=2-s2.0-85213166845&doi=10.1007%2F978-1-0716-4318-1_9&partnerID=40&md5=eca601a42a1406ce8fc5ca33378a894c"
"Estimation and Conformity Evaluation of Multi-Class Counterfactual Explanations for Chronic Disease Prevention","2025","10.1109/JBHI.2024.3492730","https://www.scopus.com/inward/record.uri?eid=2-s2.0-85208675980&doi=10.1109%2FJBHI.2024.3492730&partnerID=40&md5=d26519eeefb1a91c00d9bb8ab20b3df3"
"Generalized Fuzzy Transform and Nonlocal Laplace Operator","2025","10.1109/TFUZZ.2024.3489227","https://www.scopus.com/inward/record.uri?eid=2-s2.0-85208372668&doi=10.1109%2FTFUZZ.2024.3489227&partnerID=40&md5=e50e39aaebdb0e2fc121885866cbeccb"
"A Platoon-Based Approach for AGV Scheduling and Trajectory Planning in Fully Automated Production Systems","2025","10.1109/TII.2024.3455413","https://www.scopus.com/inward/record.uri?eid=2-s2.0-85207428394&doi=10.1109%2FTII.2024.3455413&partnerID=40&md5=dba96cd535df30d04ed107e3f96e3631"
"AI-Assisted Laryngeal Examination System","2025","10.1007/978-3-031-73376-5_13","https://www.scopus.com/inward/record.uri?eid=2-s2.0-85207028742&doi=10.1007%2F978-3-031-73376-5_13&partnerID=40&md5=4c87ebdfcfc7f2b8dcce66d4e8e7e836"
"Enhancing cardiovascular health monitoring: Simultaneous multi-artery cardiac markers recording with flexible and bio-compatible AlN piezoelectric sensors","2025","10.1016/j.bios.2024.116790","https://www.scopus.com/inward/record.uri?eid=2-s2.0-85204928553&doi=10.1016%2Fj.bios.2024.116790&partnerID=40&md5=334ef9f62d1cc31f954a40f03fb1a20a"
"Underwater Mediterranean image analysis based on the compute continuum paradigm","2025","10.1016/j.future.2024.107481","https://www.scopus.com/inward/record.uri?eid=2-s2.0-85201485838&doi=10.1016%2Fj.future.2024.107481&partnerID=40&md5=63a0ead49b24386d884b6961849b34d5"
"Traffic Analysis and Visualisation from Sparse Mobility Data","2025","10.1007/s13177-025-00584-8","https://www.scopus.com/inward/record.uri?eid=2-s2.0-105024139711&doi=10.1007%2Fs13177-025-00584-8&partnerID=40&md5=b2a85106165c8484a4de9e3411d95987"
"Autonomous Vehicle Localization via LiDAR-Based Classification of Dynamic and Static Tracks in Dynamic Environments","2025","10.1109/IJCNN64981.2025.11227789","https://www.scopus.com/inward/record.uri?eid=2-s2.0-105023980211&doi=10.1109%2FIJCNN64981.2025.11227789&partnerID=40&md5=a77a2ae4cc550a563836e94068b0f647"
"Meta-level Experience Sharing for Autonomous Systems by Fusing Generative Hierarchical Dynamic Bayesian Networks","2025","10.1109/IJCNN64981.2025.11228551","https://www.scopus.com/inward/record.uri?eid=2-s2.0-105023966393&doi=10.1109%2FIJCNN64981.2025.11228551&partnerID=40&md5=1d2d3da9aaa40a9be56c24a8ea4545f0"
"A Semantic-Aware Resource Allocation for Emerging UAV-NOMA Networks Empowered by Bayesian Active Inference","2025","10.1109/TCCN.2025.3637049","https://www.scopus.com/inward/record.uri?eid=2-s2.0-105023656563&doi=10.1109%2FTCCN.2025.3637049&partnerID=40&md5=dcc19d49745d5623dff02f2485e8aa2a"
"InSegno: AI-Enhanced Platform for Inclusive and Accessible Learning with Sign Language","2025","10.1109/ICALT64023.2025.00060","https://www.scopus.com/inward/record.uri?eid=2-s2.0-105022004189&doi=10.1109%2FICALT64023.2025.00060&partnerID=40&md5=ca600ad96368b4d5ce2de7880691a1cf"
"Can My Comfort Reflect Your Preferences? An Exploratory Study on Comfort-Driven Architecture in Human-Robot Interaction∗","2025","10.1109/ICDL63968.2025.11204358","https://www.scopus.com/inward/record.uri?eid=2-s2.0-105021840859&doi=10.1109%2FICDL63968.2025.11204358&partnerID=40&md5=40f4a5557408602522ba8aef2673c6ce"
"A General Framework for Representing Controlled Natural Language Sentences and Translation to KR Formalisms","2025","10.24963/ijcai.2025/490","https://www.scopus.com/inward/record.uri?eid=2-s2.0-105021799195&doi=10.24963%2Fijcai.2025%2F490&partnerID=40&md5=537521b70375ee449c3c84c0f8055607"
"AI Application in Risk Assessment and Resilience Management of Seveso Plants and Logistics within Industrial Port Environment","2025","10.3303/CET25119083","https://www.scopus.com/inward/record.uri?eid=2-s2.0-105021533452&doi=10.3303%2FCET25119083&partnerID=40&md5=059500897ff5e39f5bf8d41e6f06283f"
"Does spatialized audio enhance the creation of mental representations?","2025","10.3389/fnins.2025.1660373","https://www.scopus.com/inward/record.uri?eid=2-s2.0-105020597660&doi=10.3389%2Ffnins.2025.1660373&partnerID=40&md5=ca53bd9b6365da209a1aa9988534d5be"
"Fault Classification in Distribution Networks Using Graph Neural Networks and Discrete Stockwell Transform","2025","10.1109/PowerTech59965.2025.11180505","https://www.scopus.com/inward/record.uri?eid=2-s2.0-105019295787&doi=10.1109%2FPowerTech59965.2025.11180505&partnerID=40&md5=2bb1d1ac6b2ae7284c3d3fc9063cb265"
"Graph neural networks in Alzheimer's disease diagnosis: a review of unimodal and multimodal advances","2025","10.3389/fnins.2025.1623141","https://www.scopus.com/inward/record.uri?eid=2-s2.0-105018821362&doi=10.3389%2Ffnins.2025.1623141&partnerID=40&md5=a39f7e3396a34c69f0be7cce232f2062"
"An Energy Management System for Green Ports","2025","10.1109/CASE58245.2025.11163752","https://www.scopus.com/inward/record.uri?eid=2-s2.0-105018306342&doi=10.1109%2FCASE58245.2025.11163752&partnerID=40&md5=3a5f729ee1d1774a5261c74a678ff486"
"Distributed Model Predictive Control for Building Automation systems: a parallel ADMM approach","2025","10.1109/CASE58245.2025.11164165","https://www.scopus.com/inward/record.uri?eid=2-s2.0-105018304231&doi=10.1109%2FCASE58245.2025.11164165&partnerID=40&md5=48243d0e6a7461ace2ab5608b8fc4614"
"Motion Optimization Strategy for Passive Acoustic Monitoring With a Team of AUVs Considering Intermittent Communication","2025","10.1109/JOE.2025.3585641","https://www.scopus.com/inward/record.uri?eid=2-s2.0-105016757996&doi=10.1109%2FJOE.2025.3585641&partnerID=40&md5=1570ed99e38dc3ee8b1bacabfda1680c"
"SANDRO: A Robust Solver with a Splitting Strategy for Point Cloud Registration","2025","10.1109/ICRA55743.2025.11128360","https://www.scopus.com/inward/record.uri?eid=2-s2.0-105016597745&doi=10.1109%2FICRA55743.2025.11128360&partnerID=40&md5=7412afaec0f261d17c94428ea8d05d7f"
"Nanomaterial-Integrated Fiber Neural Probes for Deep Brain Monitoring and Modulation: Challenges and Opportunities","2025","10.1002/adfm.202517054","https://www.scopus.com/inward/record.uri?eid=2-s2.0-105015683454&doi=10.1002%2Fadfm.202517054&partnerID=40&md5=fa50218781cac6952c3ca0c39c4ffc47"
"Gradient-Based Line-Search Optimization for Moving Horizon Estimation","2025","10.23919/ACC63710.2025.11107658","https://www.scopus.com/inward/record.uri?eid=2-s2.0-105015598191&doi=10.23919%2FACC63710.2025.11107658&partnerID=40&md5=11efa994cae5e916d4d44d2b9eb098a0"
"UAV Swarm Trajectory Design for Wireless Networks Using Genetic Algorithm-Driven Repulsion Forces","2025","10.1109/ACCESS.2025.3606121","https://www.scopus.com/inward/record.uri?eid=2-s2.0-105015180850&doi=10.1109%2FACCESS.2025.3606121&partnerID=40&md5=e71d755f7fa60744c1a7d12961576319"
"IMU-Based Systems For Skiing Sports: A Scoping Review","2025","10.1109/ACCESS.2025.3604571","https://www.scopus.com/inward/record.uri?eid=2-s2.0-105015072933&doi=10.1109%2FACCESS.2025.3604571&partnerID=40&md5=2141559b254c382bb34eb9809871bf8e"
"An Obstacle Tracking Pipeline for Autonomous Surface Vehicles Based on Optical Camera, Infrared Camera and LiDAR","2025","10.1109/OCEANS58557.2025.11104677","https://www.scopus.com/inward/record.uri?eid=2-s2.0-105015048566&doi=10.1109%2FOCEANS58557.2025.11104677&partnerID=40&md5=da1b8889f50843427061db200450345b"
"Preliminary Validation of a COLREGs-Compliant Navigation Framework Using LiDAR and RGB Data Fusion","2025","10.1109/OCEANS58557.2025.11104777","https://www.scopus.com/inward/record.uri?eid=2-s2.0-105015044324&doi=10.1109%2FOCEANS58557.2025.11104777&partnerID=40&md5=0daf8f45a288b250e090d21d7c8c861c"
"Next-generation implantable neural probes: advanced photonics on the tip of multimode optical fibers for enhanced endoscopic sensing","2025","","https://www.scopus.com/inward/record.uri?eid=2-s2.0-105014424787&partnerID=40&md5=97eae2e399494edad6ffce701a755370"
"Boosting the Therapeutic Potential of Extracellular Vesicles Derived From Mesenchymal Stem Cells via Advanced Preconditioning for Neurodegenerative Disorders","2025","10.1155/sci/2616653","https://www.scopus.com/inward/record.uri?eid=2-s2.0-105013967516&doi=10.1155%2Fsci%2F2616653&partnerID=40&md5=8210d4da4650a416aab8d30ac96f5174"
"A Second-Order Dual Update Approach for the Decentralized Optimal Scheduling of Polygenerative Microgrids","2025","10.1109/TCST.2025.3595351","https://www.scopus.com/inward/record.uri?eid=2-s2.0-105013661504&doi=10.1109%2FTCST.2025.3595351&partnerID=40&md5=9c1f21a84dae361bf933d92251c395fd"
"Effect of Non-Visual Cues on Spatial Navigation Abilities","2025","10.1109/MeMeA65319.2025.11068031","https://www.scopus.com/inward/record.uri?eid=2-s2.0-105013465861&doi=10.1109%2FMeMeA65319.2025.11068031&partnerID=40&md5=49d91f7ac02c7438d30f0bd3e51f57bf"
"Affordable Haptic Joystick for Immersive and Inclusive Gaming","2025","10.1109/MeMeA65319.2025.11068015","https://www.scopus.com/inward/record.uri?eid=2-s2.0-105013457904&doi=10.1109%2FMeMeA65319.2025.11068015&partnerID=40&md5=98cadfa942f28635231db50a4ef62d62"
"Cyclic Nurse Scheduling with ASP: Two Case Studies from Cosenza Hospitals","2025","","https://www.scopus.com/inward/record.uri?eid=2-s2.0-105012728606&partnerID=40&md5=5704b043192ac97ddb241139db1ac43e"
"Through their eyes: enhancing teacher awareness of visual impairments via extended reality simulations (REALTER)","2025","10.3389/feduc.2025.1634253","https://www.scopus.com/inward/record.uri?eid=2-s2.0-105012140987&doi=10.3389%2Ffeduc.2025.1634253&partnerID=40&md5=2b90620b2f4ab2439fabe00f990b1792"
"A Distributed Multi-Modal Sensing Approach for Human Activity Recognition in Real-Time Human-Robot Collaboration","2025","10.1109/LRA.2025.3592072","https://www.scopus.com/inward/record.uri?eid=2-s2.0-105011730593&doi=10.1109%2FLRA.2025.3592072&partnerID=40&md5=29f3d2c4c478c37509539e9a12b88aeb"
"Integrating Testing with Runtime Verification for Mission-Critical Distributed Control Systems","2025","10.1109/DSN-S65789.2025.00056","https://www.scopus.com/inward/record.uri?eid=2-s2.0-105011415792&doi=10.1109%2FDSN-S65789.2025.00056&partnerID=40&md5=7c7622d90ec89dbdca449c77fd5e7236"
"Runtime Verification of Program Organization Units in Safe Programmable Logic Controller Systems","2025","10.1109/DSN-S65789.2025.00050","https://www.scopus.com/inward/record.uri?eid=2-s2.0-105011414054&doi=10.1109%2FDSN-S65789.2025.00050&partnerID=40&md5=c078b8b6c5c46273922e4bd02aa95d53"
"Robot-Based Assessment of Dual Task Activities: Investigating the Impact of Balance Tasks on Cognitive Performance in Older Adults","2025","10.1109/ICORR66766.2025.11063111","https://www.scopus.com/inward/record.uri?eid=2-s2.0-105011137636&doi=10.1109%2FICORR66766.2025.11063111&partnerID=40&md5=2963f98a610080841e608049cf4a9bcf"
"An AI-Driven Telemonitoring System Exploiting Sensorized Glasses and Insoles to Correlate Cognitive Load and Mobility during ADLs","2025","10.1109/ICORR66766.2025.11063185","https://www.scopus.com/inward/record.uri?eid=2-s2.0-105011136591&doi=10.1109%2FICORR66766.2025.11063185&partnerID=40&md5=787732343bb3d318dc03895bb242e75f"
"Effect of Robotic Assistance on the Synergistic Organization of Reaching Movements","2025","10.1109/ICORR66766.2025.11063165","https://www.scopus.com/inward/record.uri?eid=2-s2.0-105011134742&doi=10.1109%2FICORR66766.2025.11063165&partnerID=40&md5=5d5def0a5bd6122e0b03b959c73bb8e6"
"Markerless Video-Based Gait Analysis in People With Multiple Sclerosis","2025","10.1109/TNSRE.2025.3589765","https://www.scopus.com/inward/record.uri?eid=2-s2.0-105011083737&doi=10.1109%2FTNSRE.2025.3589765&partnerID=40&md5=e0a54ce6cb52c4d70b79c3f5449f20e2"
"Age-Related Differences in Bimanual Isometric Force Tracking","2025","10.1109/TNSRE.2025.3589952","https://www.scopus.com/inward/record.uri?eid=2-s2.0-105011043767&doi=10.1109%2FTNSRE.2025.3589952&partnerID=40&md5=f54ea4092bc0532da137429824fec355"
"From Aneurysms to Dissections: A Transfer Learning Approach for CTA Segmentation","2025","10.1109/CBMS65348.2025.00044","https://www.scopus.com/inward/record.uri?eid=2-s2.0-105010628397&doi=10.1109%2FCBMS65348.2025.00044&partnerID=40&md5=21b5a686aa52959764c96c92eabf42cc"
"Live Demonstration: Sea Wave Energy Harvester for Environmental Monitoring Buoys","2025","10.1109/ISCAS56072.2025.11044215","https://www.scopus.com/inward/record.uri?eid=2-s2.0-105010582076&doi=10.1109%2FISCAS56072.2025.11044215&partnerID=40&md5=7304a26d01edb1618a65236edd44237d"
"LNG Operational and Navigational Risk: An Integrated Risk Assessment for a Resilient LNG Terminal","2025","10.3303/CET25116044","https://www.scopus.com/inward/record.uri?eid=2-s2.0-105009776710&doi=10.3303%2FCET25116044&partnerID=40&md5=6dc364967b79abb7b141cce275874f8b"
"Explainable Reinforcement Learning for Trajectory Design in UAV-assisted Wireless Networks","2025","10.1109/ICASSP49660.2025.10890737","https://www.scopus.com/inward/record.uri?eid=2-s2.0-105009757592&doi=10.1109%2FICASSP49660.2025.10890737&partnerID=40&md5=4a3af87014eecb2f748bd4a018320666"
"Cryptojacking Detection Using eBPF and Machine Learning Techniques","2025","10.1109/ICINT65528.2025.11030875","https://www.scopus.com/inward/record.uri?eid=2-s2.0-105009459043&doi=10.1109%2FICINT65528.2025.11030875&partnerID=40&md5=0f5e7b35172be80eed6a00c17605c5e8"
"Space Feature Curves Recognition and Approximation for Artifacts Characterization","2025","10.1007/978-981-96-4550-3_4","https://www.scopus.com/inward/record.uri?eid=2-s2.0-105009242455&doi=10.1007%2F978-981-96-4550-3_4&partnerID=40&md5=88dc5fe0e2880ae9207064655bf81df6"
"Adaptive Response of Muscle Activity to Exoskeleton-Assisted Walking","2025","10.1109/ACCESS.2025.3577700","https://www.scopus.com/inward/record.uri?eid=2-s2.0-105008092604&doi=10.1109%2FACCESS.2025.3577700&partnerID=40&md5=1565b047225a6f5fc3d8a52f72ffc1c0"
"A Mixed Method Pilot Study About the Visitor Experience. The Case Study Robot Valley Genoa, an event Between Art, Science and Technology, Within the RAISE Project","2025","10.1007/978-3-031-93835-1_22","https://www.scopus.com/inward/record.uri?eid=2-s2.0-105007831184&doi=10.1007%2F978-3-031-93835-1_22&partnerID=40&md5=26c36e87b69add35de3acd80c624de59"
"Novel aspects in port rail shunting problems","2025","10.1016/j.trpro.2025.04.078","https://www.scopus.com/inward/record.uri?eid=2-s2.0-105007071021&doi=10.1016%2Fj.trpro.2025.04.078&partnerID=40&md5=610e1a8b6579ba8758db1d91c3523246"
"Binary Neural Networks for Real-Time Structural Health Monitoring on Edge Devices","2025","10.1109/ICCE63647.2025.10930047","https://www.scopus.com/inward/record.uri?eid=2-s2.0-105006570576&doi=10.1109%2FICCE63647.2025.10930047&partnerID=40&md5=129c8cfb8ba7a17a6cf77095821a71f9"
"On the Feasibility of Android Stegomalware: A Detection Study","2025","","https://www.scopus.com/inward/record.uri?eid=2-s2.0-105005834093&partnerID=40&md5=2ebf528f2d52941d80d3dfcf53c41b3a"
"Accessible VR Museum Experience Tailored to User Needs","2025","10.1109/VRW66409.2025.00237","https://www.scopus.com/inward/record.uri?eid=2-s2.0-105005158672&doi=10.1109%2FVRW66409.2025.00237&partnerID=40&md5=2b1ba0bd89dc80c8f575db1d525f26f1"
"Learning-Based Super-Resolution of 3D Ultrasound Images","2025","10.1117/12.3046508","https://www.scopus.com/inward/record.uri?eid=2-s2.0-105004804460&doi=10.1117%2F12.3046508&partnerID=40&md5=f6b02a2fcb1cff7bbfb3ddd39e9363f7"
"Inclusive and Engaging Virtual Museum Experience for Children: A Usability Evaluation","2025","10.5220/0013501600003932","https://www.scopus.com/inward/record.uri?eid=2-s2.0-105003626233&doi=10.5220%2F0013501600003932&partnerID=40&md5=e2ff8642efd380b45baece4808f2c1c6"
"Testing High Directional Resolution Sea-Spectrum Estimation Methods in View of the Needs of a National Monitoring System","2025","10.1109/JOE.2024.3436771","https://www.scopus.com/inward/record.uri?eid=2-s2.0-105003170060&doi=10.1109%2FJOE.2024.3436771&partnerID=40&md5=5fcd470ef85601ebf0dcafbcc1280534"
"Kernel-Based Recovery of Traffic Graph Signals on Urban Networks","2025","10.1007/978-3-031-82439-5_22","https://www.scopus.com/inward/record.uri?eid=2-s2.0-105002929422&doi=10.1007%2F978-3-031-82439-5_22&partnerID=40&md5=b370c5f4caeab6bf93646191efe9424d"
"Prevalence of cognitive impairment in motor neuron diseases: alternative norming methods lead to considerably diverse estimates","2025","10.1080/21678421.2025.2488294","https://www.scopus.com/inward/record.uri?eid=2-s2.0-105002725789&doi=10.1080%2F21678421.2025.2488294&partnerID=40&md5=0b483ebcce3308dc9f66cc8015d8cd1d"
"Composite Whole-Body Control of Two-Wheeled Robots","2025","10.1109/TRO.2025.3548494","https://www.scopus.com/inward/record.uri?eid=2-s2.0-105002577837&doi=10.1109%2FTRO.2025.3548494&partnerID=40&md5=8f5a8f7cea53c281cc774c96f7952366"
"A deep learning-based approach for stegomalware sanitization in digital images","2025","10.1007/s10844-025-00936-6","https://www.scopus.com/inward/record.uri?eid=2-s2.0-105002079958&doi=10.1007%2Fs10844-025-00936-6&partnerID=40&md5=4429623a97c7d05cfbcd6917033de421"
"Enabling Model-Based Design for Real-Time Spike Detection","2025","10.1109/OJEMB.2025.3537768","https://www.scopus.com/inward/record.uri?eid=2-s2.0-105001086194&doi=10.1109%2FOJEMB.2025.3537768&partnerID=40&md5=0d69a03982ff92c9aff9d55ef68b6a97"
"Statistical jump model for mixed-type data with missing data imputation","2025","10.1007/s11634-025-00631-y","https://www.scopus.com/inward/record.uri?eid=2-s2.0-105001032653&doi=10.1007%2Fs11634-025-00631-y&partnerID=40&md5=503616faca7b84ceb40843dc8951b987"
"Low-NA two-photon lithography patterning of metal/dielectric tapered optical fibers for depth-selective, volumetric optical neural interfaces","2024","10.1364/OE.541017","https://www.scopus.com/inward/record.uri?eid=2-s2.0-85213814117&doi=10.1364%2FOE.541017&partnerID=40&md5=3267e6332e9fae8fc674455032ba6b69"
"Stripe Embedding: Efficient Maps with Exact Numeric Computation","2024","10.1145/3687915","https://www.scopus.com/inward/record.uri?eid=2-s2.0-85210077803&doi=10.1145%2F3687915&partnerID=40&md5=2d4ef9dda00048cc2f41e1165066abcf"
"Mesh Quality Meets The Virtual Element Method","2024","10.1145/3680532.3689578","https://www.scopus.com/inward/record.uri?eid=2-s2.0-85215998752&doi=10.1145%2F3680532.3689578&partnerID=40&md5=76cb1e03be56c6018f4bfd9d3bd7c499"
"Wave heave sensor verification in dry conditions with optoelectronic reference","2024","10.21014/actaimeko.v13i4.1768","https://www.scopus.com/inward/record.uri?eid=2-s2.0-85213986671&doi=10.21014%2Factaimeko.v13i4.1768&partnerID=40&md5=f1530a7e7c4d090bb6866d3c2780a1d9"
"Machine Learning-Based Optimization Models for Defining Storage Rules in Maritime Container Yards","2024","10.3390/modelling5040085","https://www.scopus.com/inward/record.uri?eid=2-s2.0-85213443618&doi=10.3390%2Fmodelling5040085&partnerID=40&md5=8b631b5478f2e0105ed5788fff17de40"
"Emotional auditory stimuli influence step initiation in Parkinson’s disease with freezing of gait","2024","10.1038/s41598-024-80251-2","https://www.scopus.com/inward/record.uri?eid=2-s2.0-85210080855&doi=10.1038%2Fs41598-024-80251-2&partnerID=40&md5=c2b25b5198e87940f1319972ec7c75aa"
"Localized FDG loss in lung cancer lesions","2024","10.1186/s13550-024-01161-y","https://www.scopus.com/inward/record.uri?eid=2-s2.0-85208587510&doi=10.1186%2Fs13550-024-01161-y&partnerID=40&md5=9121244773b70f4be5cdba28ed884b40"
"Building semantic segmentation from large-scale point clouds via primitive recognition","2024","10.1016/j.gmod.2024.101234","https://www.scopus.com/inward/record.uri?eid=2-s2.0-85205864648&doi=10.1016%2Fj.gmod.2024.101234&partnerID=40&md5=5710c2c2c1aa92b130fdb2148b05c0dc"
"Two Nitsche-based mixed finite element discretizations for the seepage problem in Richards’ equation","2024","10.1016/j.cma.2024.117368","https://www.scopus.com/inward/record.uri?eid=2-s2.0-85203407669&doi=10.1016%2Fj.cma.2024.117368&partnerID=40&md5=3507d2d5efc767ca52d0bc8bdd3dd699"
"A taxonomy of cognitive phenotypes in Multiple Sclerosis: a 1-year longitudinal study","2024","10.1038/s41598-024-71374-7","https://www.scopus.com/inward/record.uri?eid=2-s2.0-85202916480&doi=10.1038%2Fs41598-024-71374-7&partnerID=40&md5=b3e66ae7b5d4f730e469ae63ab0e4007"
"Interactomic exploration of LRRC8A in volume-regulated anion channels","2024","10.1038/s41420-024-02032-0","https://www.scopus.com/inward/record.uri?eid=2-s2.0-85196627493&doi=10.1038%2Fs41420-024-02032-0&partnerID=40&md5=b3fc7363702333e8449cfc4c4f496d8a"
"CurveML: a benchmark for evaluating and training learning-based methods of classification, recognition, and fitting of plane curves","2024","10.1007/s00371-024-03292-8","https://www.scopus.com/inward/record.uri?eid=2-s2.0-85187458544&doi=10.1007%2Fs00371-024-03292-8&partnerID=40&md5=070944fc043e7964ebb253740db62b89"
"On the measurement of piezoelectric d33 coefficient of soft thin films under weak mechanical loads: A rapid and affordable method","2024","10.1016/j.matdes.2024.113399","https://www.scopus.com/inward/record.uri?eid=2-s2.0-85207643211&doi=10.1016%2Fj.matdes.2024.113399&partnerID=40&md5=7402af8e7964d3bccdca8201c8119d15"
"Extended version at 25 years of the ASHRAE-Tp8 method for the design of BHE fields operating with geothermal heat pumps","2024","10.1016/j.geothermics.2024.103128","https://www.scopus.com/inward/record.uri?eid=2-s2.0-85200799019&doi=10.1016%2Fj.geothermics.2024.103128&partnerID=40&md5=91113966a9148072802a06788667c5b4"
"Label-free three-dimensional imaging and quantitative analysis of living fibroblasts and myofibroblasts by holotomographic microscopy","2024","10.1002/jemt.24648","https://www.scopus.com/inward/record.uri?eid=2-s2.0-85198061712&doi=10.1002%2Fjemt.24648&partnerID=40&md5=f46ca55e1afb25ca89dd097bbbbc6cb3"
"Unsupervised data driven approaches to Raman imaging through a multimode optical fiber","2024","10.1364/OE.537094","https://www.scopus.com/inward/record.uri?eid=2-s2.0-85207086447&doi=10.1364%2FOE.537094&partnerID=40&md5=25d199ecaa7896c559d41e4325f89227"
"Investigation of Coastal Winds and Turbulence Characteristics Using Doppler Lidar","2024","10.1029/2024JD041429","https://www.scopus.com/inward/record.uri?eid=2-s2.0-85205591097&doi=10.1029%2F2024JD041429&partnerID=40&md5=7fdee5d5aa924abb82b49068accd9f46"
"Fluorimetric Detection of Vapor Pollutants with Diketopyrrolopyrrole Polymer Microcavities","2024","10.1021/acsomega.4c05710","https://www.scopus.com/inward/record.uri?eid=2-s2.0-85205800072&doi=10.1021%2Facsomega.4c05710&partnerID=40&md5=1beda9ece0c5bf545482c379bf678026"
"Resistive switching suppression in metal/Nb:SrTiO3 Schottky contacts prepared by room-temperature pulsed laser deposition","2024","10.1088/1361-6463/ad5c77","https://www.scopus.com/inward/record.uri?eid=2-s2.0-85197782660&doi=10.1088%2F1361-6463%2Fad5c77&partnerID=40&md5=9f2f9dee3d19e812f091e229cc7cb80d"
"From aerial LiDAR point clouds to multiscale urban representation levels by a parametric resampling","2024","10.1016/j.cag.2024.104022","https://www.scopus.com/inward/record.uri?eid=2-s2.0-85200813199&doi=10.1016%2Fj.cag.2024.104022&partnerID=40&md5=0e1d1e499069a5a0a6e0b20d82bb7deb"
"Tunable Nanoislands Decorated Tapered Optical Fibers Reveal Concurrent Contributions in Through-Fiber SERS Detection","2024","10.1021/acsphotonics.4c00912","https://www.scopus.com/inward/record.uri?eid=2-s2.0-85202586131&doi=10.1021%2Facsphotonics.4c00912&partnerID=40&md5=88ca27d3efc633b1e38e3673604fb32b"
"Hybrid Cable Thruster Actuated Remotely Operated Underwater Vehicle","2024","10.1016/j.ifacol.2024.10.050","https://www.scopus.com/inward/record.uri?eid=2-s2.0-85211147326&doi=10.1016%2Fj.ifacol.2024.10.050&partnerID=40&md5=cd260d21cc4bb869df5886c2fc03a11c"
"Implantable photonic nano-modulators open perspectives for advanced optical interfaces with deep brain areas","2024","10.1117/1.NPh.11.S1.S11512","https://www.scopus.com/inward/record.uri?eid=2-s2.0-85204697357&doi=10.1117%2F1.NPh.11.S1.S11512&partnerID=40&md5=8c1a16943fa14d5b5f74bd498f7798ee"
"Emerging technologies toward the integration of multiple functionalities on non-planar implantable neurophotonics probes","2024","10.1117/1.NPh.11.S1.S11514","https://www.scopus.com/inward/record.uri?eid=2-s2.0-85204468187&doi=10.1117%2F1.NPh.11.S1.S11514&partnerID=40&md5=3192aed2692490d23d7c3522e27c585c"
"Potential of plasmonics and nanoscale light-matter interactions for the next generation of optical neural interfaces","2024","10.1117/1.NPh.11.S1.S11513","https://www.scopus.com/inward/record.uri?eid=2-s2.0-85204438151&doi=10.1117%2F1.NPh.11.S1.S11513&partnerID=40&md5=ccf2a66be9b2b4a6c4c1c10cd95954e8"
"Advances in the Fabrication, Properties, and Applications of Electrospun PEDOT-Based Conductive Nanofibers","2024","10.3390/polym16172514","https://www.scopus.com/inward/record.uri?eid=2-s2.0-85203861281&doi=10.3390%2Fpolym16172514&partnerID=40&md5=45b3c2830191c7dd5c8a2926d7fa856e"
"Extending the Hough transform to recognize and approximate space curves in 3D models","2024","10.1016/j.cagd.2024.102377","https://www.scopus.com/inward/record.uri?eid=2-s2.0-85199219655&doi=10.1016%2Fj.cagd.2024.102377&partnerID=40&md5=432617962132e318c08fbbfb1ee3ff9c"
"VERO: A vacuum-cleaner-equipped quadruped robot for efficient litter removal","2024","10.1002/rob.22350","https://www.scopus.com/inward/record.uri?eid=2-s2.0-85191792106&doi=10.1002%2Frob.22350&partnerID=40&md5=68915b8f6249fd35a307d52a429d5fd8"
"TMEM9B Regulates Endosomal ClC-3 and ClC-4 Transporters","2024","10.3390/life14081034","https://www.scopus.com/inward/record.uri?eid=2-s2.0-85202628381&doi=10.3390%2Flife14081034&partnerID=40&md5=900764bace6cd6232da88d7c896f2e48"
"Modeling a Wave Energy Harvester for Supplying Data Buoys","2024","10.3390/app14167019","https://www.scopus.com/inward/record.uri?eid=2-s2.0-85202446878&doi=10.3390%2Fapp14167019&partnerID=40&md5=8d5eb08ec7abd9276faa49b88cf46fb2"
"PHREESQL: A toolkit to efficiently compute and store geochemical speciation calculation","2024","10.1016/j.cageo.2024.105640","https://www.scopus.com/inward/record.uri?eid=2-s2.0-85195639882&doi=10.1016%2Fj.cageo.2024.105640&partnerID=40&md5=c9b36086de65123685fdd02bd3758cf8"
"No Country for Leaking Containers: Detecting Exfiltration of Secrets Through AI and Syscalls","2024","10.1145/3664476.3670884","https://www.scopus.com/inward/record.uri?eid=2-s2.0-85200335318&doi=10.1145%2F3664476.3670884&partnerID=40&md5=0258e1d8a56dbf7440db2d7a06d1d06a"
"Investigating HTTP Covert Channels Through Fuzz Testing","2024","10.1145/3664476.3664493","https://www.scopus.com/inward/record.uri?eid=2-s2.0-85200329342&doi=10.1145%2F3664476.3664493&partnerID=40&md5=16e55a65a22f114b40dd83c311e65868"
"Unwrapping non-locality in the image transmission through turbid media","2024","10.1364/OE.521581","https://www.scopus.com/inward/record.uri?eid=2-s2.0-85198954186&doi=10.1364%2FOE.521581&partnerID=40&md5=e75f6ba6ea22d7049f585a10dff98106"
"An Optimization Model for the Optimal Control of the Oxygen Excess Ratio in a Hydrogen Fuel Cell System","2024","10.1016/j.ifacol.2024.07.531","https://www.scopus.com/inward/record.uri?eid=2-s2.0-85202354701&doi=10.1016%2Fj.ifacol.2024.07.531&partnerID=40&md5=62e1753bf423275f0f4ae2a73af54004"
"Techno-Economic Assessment of a Large-Scale Electrolysis Plant in Hydrogen and Ancillary Service Markets","2024","10.1016/j.ifacol.2024.07.473","https://www.scopus.com/inward/record.uri?eid=2-s2.0-85202351414&doi=10.1016%2Fj.ifacol.2024.07.473&partnerID=40&md5=325622d429baf5f154d98b4709c0b7c9"
"Validation of Citizen Science Meteorological Data: Can They Be Considered a Valid Help in Weather Understanding and Community Engagement?","2024","10.3390/s24144598","https://www.scopus.com/inward/record.uri?eid=2-s2.0-85199804703&doi=10.3390%2Fs24144598&partnerID=40&md5=82ef0751ca7bcb1ebc11f5d4e6485cf8"
"Advantages of internal reference in holographic shaping ps supercontinuum pulses through multimode optical fibers","2024","10.1364/OE.528043","https://www.scopus.com/inward/record.uri?eid=2-s2.0-85198642023&doi=10.1364%2FOE.528043&partnerID=40&md5=922c222f40ba7487c1fe7b22bb3f5c7c"
"Assessment of OMA Gap-Filling Performances for Multiple and Single Coastal HF Radar Systems: Validation with Drifter Data in the Ligurian Sea","2024","10.3390/rs16132458","https://www.scopus.com/inward/record.uri?eid=2-s2.0-85198330257&doi=10.3390%2Frs16132458&partnerID=40&md5=676e7ca338deb7965ae3f6d9996c4b4c"
"A stochastic approach to delays optimization for narrowband transmit beam pattern in medical ultrasound","2024","10.1007/s42452-024-06065-z","https://www.scopus.com/inward/record.uri?eid=2-s2.0-85197666716&doi=10.1007%2Fs42452-024-06065-z&partnerID=40&md5=2e267c4d8bf79453b7a754205fab49c7"
"Testing Dynamic Balance in People with Multiple Sclerosis: A Correlational Study between Standard Posturography and Robotic-Assistive Device","2024","10.3390/s24113325","https://www.scopus.com/inward/record.uri?eid=2-s2.0-85196194550&doi=10.3390%2Fs24113325&partnerID=40&md5=af9bd6141a20caf3d4a7d1ca38bb6000"
"A Strong Core for a Strong Recovery: A Scoping Review of Methods to Improve Trunk Control and Core Stability of People with Different Neurological Conditions","2024","10.3390/app14114889","https://www.scopus.com/inward/record.uri?eid=2-s2.0-85195981126&doi=10.3390%2Fapp14114889&partnerID=40&md5=35260526f2ac46920b23ce14aeda1512"
"Fair termination of multiparty sessions","2024","10.1016/j.jlamp.2024.100964","https://www.scopus.com/inward/record.uri?eid=2-s2.0-85188885850&doi=10.1016%2Fj.jlamp.2024.100964&partnerID=40&md5=33005a108ebe3d32af1598fe495f2aa4"
"Exploiting holographically encoded variance to transmit labelled images through a multimode optical fiber","2024","10.1364/OE.519379","https://www.scopus.com/inward/record.uri?eid=2-s2.0-85193908993&doi=10.1364%2FOE.519379&partnerID=40&md5=063d409030e15902bd11a953d3fb6ece"
"An isogeometric shape optimization method for groundwater flow in porous media","2024","10.1016/j.camwa.2024.02.044","https://www.scopus.com/inward/record.uri?eid=2-s2.0-85187664734&doi=10.1016%2Fj.camwa.2024.02.044&partnerID=40&md5=28c89a8aec5260048be2302c5f44df22"
"Sustainable electronic biomaterials for body-compliant devices: Challenges and perspectives for wearable bio-mechanical sensors and body energy harvesters","2024","10.1016/j.nanoen.2024.109336","https://www.scopus.com/inward/record.uri?eid=2-s2.0-85184951190&doi=10.1016%2Fj.nanoen.2024.109336&partnerID=40&md5=26e44963ef20ffa73dc3231f30dffae0"
"Unveiling the Role of Marketing in the Opportunity Identification and Framing of Deep Tech Startups","2024","10.1431/108974","https://www.scopus.com/inward/record.uri?eid=2-s2.0-85193208557&doi=10.1431%2F108974&partnerID=40&md5=69a96d3af447cf512e5babcfbbee7cad"
"A scalable well-balanced numerical scheme for the modeling of two-phase shallow granular landslide consolidation","2024","10.1016/j.jcp.2024.112798","https://www.scopus.com/inward/record.uri?eid=2-s2.0-85183577341&doi=10.1016%2Fj.jcp.2024.112798&partnerID=40&md5=d46f1ebc67617eae7a2bba869cb66165"
"Secondary Beams at High-Intensity Electron Accelerator Facilities","2024","10.3390/instruments8010001","https://www.scopus.com/inward/record.uri?eid=2-s2.0-85188964318&doi=10.3390%2Finstruments8010001&partnerID=40&md5=58a1adc41627f09aafb2f2c264e6a969"
"An Autoencoder-Based Deep-Learning Method for Augmenting the Sensing Capability of Piezoelectric Microelectromechanical System Sensors in a Fluid-Dynamic System","2024","10.1002/aisy.202300457","https://www.scopus.com/inward/record.uri?eid=2-s2.0-85178218093&doi=10.1002%2Faisy.202300457&partnerID=40&md5=2162061f44dff5cf7ea6272268fc545f"
"Reconstruction and Preservation of Feature Curves in 3D Point Cloud Processing","2024","10.1016/j.cad.2023.103649","https://www.scopus.com/inward/record.uri?eid=2-s2.0-85176282947&doi=10.1016%2Fj.cad.2023.103649&partnerID=40&md5=4f13966718c6d55565189064456f202d"
"Accurate design of BHE fields for geothermal heat pump systems: The ASHRAE-Tp8 method compared to non aggregated schemes applied to different European test cases","2024","10.1016/j.enbuild.2023.113814","https://www.scopus.com/inward/record.uri?eid=2-s2.0-85180366196&doi=10.1016%2Fj.enbuild.2023.113814&partnerID=40&md5=538bdceca7a9512575b24c3c6c99736c"
"Advancing Environmental Modeling with Unstructured Meshes: Current Research and Development","2024","10.2312/stag.20241350","https://www.scopus.com/inward/record.uri?eid=2-s2.0-85216252722&doi=10.2312%2Fstag.20241350&partnerID=40&md5=0219180bbd40e17f0e2815224f53a033"
"Toward Intuitive Locomotion Techniques in VR: Fully Natural and Semi-Natural Interaction","2024","10.1109/MetroXRAINE62247.2024.10796346","https://www.scopus.com/inward/record.uri?eid=2-s2.0-85216093371&doi=10.1109%2FMetroXRAINE62247.2024.10796346&partnerID=40&md5=1ef69c0481fcad28f3ec6749b513737e"
"Recent Answer Set Programming Applications to Scheduling Problems in Digital Health","2024","","https://www.scopus.com/inward/record.uri?eid=2-s2.0-85214848143&partnerID=40&md5=047ea98bd01a30c19e80f864fbf08420"
"Investigation on the Partitioning of Sea Spectra","2024","10.1109/MetroSea62823.2024.10765708","https://www.scopus.com/inward/record.uri?eid=2-s2.0-85214419553&doi=10.1109%2FMetroSea62823.2024.10765708&partnerID=40&md5=f7b3e568a3d8fab7041db38c048aa5d3"
"GNSS Signals for Sea Wave Measurements","2024","10.1109/MetroSea62823.2024.10765644","https://www.scopus.com/inward/record.uri?eid=2-s2.0-85214394573&doi=10.1109%2FMetroSea62823.2024.10765644&partnerID=40&md5=94a9614fd012121ca0bba59107c9909d"
"A New Approach to the Estimation of Sea State Based on Shipboard Observations - Preliminary Results","2024","10.1109/MetroSea62823.2024.10765784","https://www.scopus.com/inward/record.uri?eid=2-s2.0-85214352434&doi=10.1109%2FMetroSea62823.2024.10765784&partnerID=40&md5=33395c3edf713c7e121477907a9a6175"
"Nuclear Medicine Rescheduling Problem: A Logic-based Approach","2024","","https://www.scopus.com/inward/record.uri?eid=2-s2.0-85214252285&partnerID=40&md5=4142cf4161ff6deefaff7e5f6ef65da5"
"Deep Learning Approaches for Segmentation and Classification of Breast Ultrasound Images","2024","","https://www.scopus.com/inward/record.uri?eid=2-s2.0-85214217823&partnerID=40&md5=e9f8812f5c11a28a73e3bbb2c84844c7"
"A Video-Based Approach to Characterize Preterm Infants’ Motion as a Sequence of Poses","2024","10.1007/978-3-031-77584-0_65","https://www.scopus.com/inward/record.uri?eid=2-s2.0-85214003112&doi=10.1007%2F978-3-031-77584-0_65&partnerID=40&md5=bbc5299d98634b1345823a8ad88bb42d"
"The Role of Depth for Human Motion Assessment with a Single RGB-D Camera: Preliminary Findings","2024","10.1007/978-3-031-77584-0_85","https://www.scopus.com/inward/record.uri?eid=2-s2.0-85213977515&doi=10.1007%2F978-3-031-77584-0_85&partnerID=40&md5=5e6e4de7169bacb7cf73f7d4e5180731"
"Challenges and Future Directions for Reliable Assessment in Neurorehabilitation","2024","10.1007/978-3-031-77584-0_139","https://www.scopus.com/inward/record.uri?eid=2-s2.0-85213967055&doi=10.1007%2F978-3-031-77584-0_139&partnerID=40&md5=c9c86ee728200a1a3e4ebba08cefee29"
"Incremental Learning Through Fusion of Discrete Anomaly Models from Odometry Signals in Autonomous Agent Navigation","2024","10.1109/SiPS62058.2024.00023","https://www.scopus.com/inward/record.uri?eid=2-s2.0-85213734034&doi=10.1109%2FSiPS62058.2024.00023&partnerID=40&md5=85af28375518b7946df33cb83b3a4e68"
"LiDAR and RGB Camera Performance for Obstacle Detection in Marine Environment","2024","10.1109/OCEANS55160.2024.10753999","https://www.scopus.com/inward/record.uri?eid=2-s2.0-85212429251&doi=10.1109%2FOCEANS55160.2024.10753999&partnerID=40&md5=0938a7c946a8ae05d7fa687588b7b33e"
"Protocol-Driven A* Algorithm for Fast ASV Motion Planning in Dynamic Scenarios","2024","10.1109/OCEANS55160.2024.10754431","https://www.scopus.com/inward/record.uri?eid=2-s2.0-85212391993&doi=10.1109%2FOCEANS55160.2024.10754431&partnerID=40&md5=09f0b26160df619c5c89f8da970c2156"
"Immersive control of a quadruped robot with Virtual Reality Eye-wear","2024","10.1109/RO-MAN60168.2024.10731469","https://www.scopus.com/inward/record.uri?eid=2-s2.0-85209778283&doi=10.1109%2FRO-MAN60168.2024.10731469&partnerID=40&md5=bc0850f69264d6d3e9d3cdb0c6e5c47f"
"A Tool For Reasoning Over CNL Sentences With Temporal Constructs","2024","","https://www.scopus.com/inward/record.uri?eid=2-s2.0-85208781464&partnerID=40&md5=7415e3073b30236b609835adf7836b4b"
"TIAGo Robot Teleoperation via Body-Machine Interface: Enhancing Assistance for Cervical Spinal Cord Injured Individuals","2024","10.1109/BioRob60516.2024.10719864","https://www.scopus.com/inward/record.uri?eid=2-s2.0-85208640525&doi=10.1109%2FBioRob60516.2024.10719864&partnerID=40&md5=c7b785cf359236a3bae2a10013569e53"
"Driving Skills Assessment in Individuals with Spinal Cord Injuries: A Pilot Test of ADRIS 3.0 Simulator","2024","10.1109/BioRob60516.2024.10719928","https://www.scopus.com/inward/record.uri?eid=2-s2.0-85208620749&doi=10.1109%2FBioRob60516.2024.10719928&partnerID=40&md5=4f05967df5a33d4a6b54708282046bc7"
"Strategic Path Control to Balance Risks Between Competing Teams in Graph Network","2024","10.1109/CASE59546.2024.10711800","https://www.scopus.com/inward/record.uri?eid=2-s2.0-85208240031&doi=10.1109%2FCASE59546.2024.10711800&partnerID=40&md5=9464450b829772c2bf32ea7429dcdd94"
"Cooperative Roundabout Navigation: Distributed Predictive Control with Virtual Platooning in Mixed Traffic","2024","10.1109/CASE59546.2024.10711573","https://www.scopus.com/inward/record.uri?eid=2-s2.0-85208229298&doi=10.1109%2FCASE59546.2024.10711573&partnerID=40&md5=d6c42f8b594c831e5eda0550e56f91c2"
"Design and Control of a Cooperative System of an Autonomous Surface Vehicle and a Remotely Operated Vehicle (ASV-ROV)","2024","10.1109/MESA61532.2024.10704912","https://www.scopus.com/inward/record.uri?eid=2-s2.0-85207933278&doi=10.1109%2FMESA61532.2024.10704912&partnerID=40&md5=badb6295eb8aefc4fa13c19220354b02"
"Design of a Container Mechanism for Trash Collection on Quadruped Robots","2024","10.1109/MESA61532.2024.10704816","https://www.scopus.com/inward/record.uri?eid=2-s2.0-85207900048&doi=10.1109%2FMESA61532.2024.10704816&partnerID=40&md5=ead144bcb40fe1e976f2441f4f8cf729"
"Learning 3D LiDAR Perception Models for Self-Aware Autonomous Systems","2024","10.23919/FUSION59988.2024.10706364","https://www.scopus.com/inward/record.uri?eid=2-s2.0-85207695150&doi=10.23919%2FFUSION59988.2024.10706364&partnerID=40&md5=f2d9b664bf6e5c88993477a38cc898b2"
"Corrigendum: How path integration abilities of blind people change in different exploration conditions (Frontiers in Neuroscience, (2024), 18, (1375225), 10.3389/fnins.2024.1375225)","2024","10.3389/fnins.2024.1502268","https://www.scopus.com/inward/record.uri?eid=2-s2.0-85207025378&doi=10.3389%2Ffnins.2024.1502268&partnerID=40&md5=1594757abc9ff18bc27dc68dc01b58ec"
"A Novel Fusion of CT/MRI and US Images Based on Depth Camera and Electromagnetic Tracking","2024","10.1007/978-3-031-73480-9_14","https://www.scopus.com/inward/record.uri?eid=2-s2.0-85206947203&doi=10.1007%2F978-3-031-73480-9_14&partnerID=40&md5=7263f27da0ac53a89ed0a9d0b46084b1"
"Assessing Accident Rates and Frequency of Incidents Involving Dangerous Goods in the Genoa District at Sub-Regional Scale - A Data-Driven Approach","2024","10.3303/CET24111017","https://www.scopus.com/inward/record.uri?eid=2-s2.0-85206536326&doi=10.3303%2FCET24111017&partnerID=40&md5=9bff62593943993ed0083d357ddc8f9f"
"Towards Operational Resilience Supported by Artificial Intelligence for Cargo Handling and Container Activities","2024","10.3303/CET24111086","https://www.scopus.com/inward/record.uri?eid=2-s2.0-85206505328&doi=10.3303%2FCET24111086&partnerID=40&md5=7ebbf0b404fe12889e38cc136975cda2"
"AI-driven big web redesign: two case studies in Italian universities","2024","","https://www.scopus.com/inward/record.uri?eid=2-s2.0-85205560542&partnerID=40&md5=f520a8f5c587a8f842c9e57f3557fa14"
"Dawn of LLM4Cyber: Current Solutions, Challenges, and New Perspectives in Harnessing LLMs for Cybersecurity","2024","","https://www.scopus.com/inward/record.uri?eid=2-s2.0-85205540327&partnerID=40&md5=0ceb84ca59a3b788cd34721b1d3235b2"
"Neuromotor Changes after a Cervical Spinal Cord Injury: Bilateral Assessment of Unilateral Tasks","2024","10.1109/ACCESS.2024.3457857","https://www.scopus.com/inward/record.uri?eid=2-s2.0-85204117827&doi=10.1109%2FACCESS.2024.3457857&partnerID=40&md5=02f7f591e3accf615526ba429db39b0e"
"Focusing supercontinuum laser through multimode optical fibers beyond the fiber facet: Overcoming challenges with ps-pulsed sources","2024","10.1109/ICTON62926.2024.10647691","https://www.scopus.com/inward/record.uri?eid=2-s2.0-85204080452&doi=10.1109%2FICTON62926.2024.10647691&partnerID=40&md5=e9cefb4887416aac62059be674730e7e"
"Neighborhood Component Feature Selection for Multiple Instance Learning Paradigm","2024","10.1007/978-3-031-70341-6_14","https://www.scopus.com/inward/record.uri?eid=2-s2.0-85203594463&doi=10.1007%2F978-3-031-70341-6_14&partnerID=40&md5=5dbc5ac84c284de3f71ecd7e04a9fbaa"
"A Few to Unveil Them All: Leveraging Mixture of Experts on Minimal Data for Detecting Covert Channels in Containerized Cloud Infrastructures","2024","10.1109/EuroSPW61312.2024.00090","https://www.scopus.com/inward/record.uri?eid=2-s2.0-85203013176&doi=10.1109%2FEuroSPW61312.2024.00090&partnerID=40&md5=db4a62be5e9b6196e80cd2acfbcf0981"
"Developing a TinyML Image Classifier in an Hour","2024","10.1109/OJIES.2024.3451959","https://www.scopus.com/inward/record.uri?eid=2-s2.0-85202787351&doi=10.1109%2FOJIES.2024.3451959&partnerID=40&md5=1a01670a10b13371c819b1074e461afa"
"Evaluating Impressions on Urban Transportation Networks via Seaport-Induced Traffic","2024","10.1109/MOST60774.2024.00017","https://www.scopus.com/inward/record.uri?eid=2-s2.0-85201232469&doi=10.1109%2FMOST60774.2024.00017&partnerID=40&md5=7705bc2730857f74247ecb15856992fd"
"ContactNet: Online Multi-Contact Planning for Acyclic Legged Robot Locomotion","2024","10.1109/UR61395.2024.10597477","https://www.scopus.com/inward/record.uri?eid=2-s2.0-85200709046&doi=10.1109%2FUR61395.2024.10597477&partnerID=40&md5=a6f3de82798b863f138b2ee023c44962"
"Integration of plasmonic structures on multimode optical fibers for advanced endoscopic systems: fabrication, characterization, and spatially resolved SERS","2024","10.1117/12.3017491","https://www.scopus.com/inward/record.uri?eid=2-s2.0-85200534519&doi=10.1117%2F12.3017491&partnerID=40&md5=317af0e3b1e92d6930756cec205e21f0"
"Erasing the Shadow: Sanitization of Images with Malicious Payloads Using Deep Autoencoders","2024","10.1007/978-3-031-62700-2_11","https://www.scopus.com/inward/record.uri?eid=2-s2.0-85197889981&doi=10.1007%2F978-3-031-62700-2_11&partnerID=40&md5=725d48e5e12d2b4a13ff15c9477fb207"
"Monitoring Cardiovascular Physiology Using Bio-Compatible AlN Piezoelectric Skin Sensors","2024","10.1109/ACCESS.2024.3359058","https://www.scopus.com/inward/record.uri?eid=2-s2.0-85183988931&doi=10.1109%2FACCESS.2024.3359058&partnerID=40&md5=071605b969deef82d9bceff310a51161"
"Neural Conditional Probability for Uncertainty Quantification","2024","","https://www.scopus.com/inward/record.uri?eid=2-s2.0-105000545893&partnerID=40&md5=9950155f2e6cc73377a3553d653ca05f"
"HVDC Defect Identification: Partial Discharges Signal Acquisition and Machine Learning Classification","2024","10.1109/CEIDP61745.2024.10907670","https://www.scopus.com/inward/record.uri?eid=2-s2.0-105000458328&doi=10.1109%2FCEIDP61745.2024.10907670&partnerID=40&md5=2612bf2a9471d5fa3800dccc95d72cf1"
"A Comparative Study of Conducted and Irradiated Signals for PD Pattern Recognition","2024","10.1109/CEIDP61745.2024.10907291","https://www.scopus.com/inward/record.uri?eid=2-s2.0-105000374004&doi=10.1109%2FCEIDP61745.2024.10907291&partnerID=40&md5=d38df9ba0d176a2e3d3893713d65d1d7"
"3D anatomical modelling and analysis of the spine","2023","10.1007/s42600-023-00300-z","https://www.scopus.com/inward/record.uri?eid=2-s2.0-85176755227&doi=10.1007%2Fs42600-023-00300-z&partnerID=40&md5=20e8f23292960783ffdf7b296fdc10cd"
"Super-resolution of 2D ultrasound images and videos","2023","10.1007/s11517-023-02818-x","https://www.scopus.com/inward/record.uri?eid=2-s2.0-85159636564&doi=10.1007%2Fs11517-023-02818-x&partnerID=40&md5=512464e523c72296ffbd00d0d5086b9f"
"Optimizing the internal phase reference to shape the output of a multimode optical fiber","2023","10.1371/journal.pone.0290300","https://www.scopus.com/inward/record.uri?eid=2-s2.0-85170344161&doi=10.1371%2Fjournal.pone.0290300&partnerID=40&md5=42a2463f524916b1a92293d95d7ebb47"
"Forwarding containers to dry ports in congested logistic networks","2023","10.1016/j.trip.2023.100846","https://www.scopus.com/inward/record.uri?eid=2-s2.0-85160426224&doi=10.1016%2Fj.trip.2023.100846&partnerID=40&md5=4f21324aed9b507e30e01dfb47ba2d5b"
"Biophysical Aspects of Neurodegenerative and Neurodevelopmental Disorders Involving Endo-/Lysosomal CLC Cl−/H+ Antiporters","2023","10.3390/life13061317","https://www.scopus.com/inward/record.uri?eid=2-s2.0-85163775026&doi=10.3390%2Flife13061317&partnerID=40&md5=0907bffd12cf947829f25a7372d6e186"
"Semantic segmentation of high-resolution point clouds representing urban contexts","2023","10.2312/stag.20231296","https://www.scopus.com/inward/record.uri?eid=2-s2.0-85187220320&doi=10.2312%2Fstag.20231296&partnerID=40&md5=80751eb88cc90140174271b770c99166"
"Testing of high resolution methods for the estimation of directional spectra of sea waves","2023","10.1109/MetroSea58055.2023.10317177","https://www.scopus.com/inward/record.uri?eid=2-s2.0-85179754186&doi=10.1109%2FMetroSea58055.2023.10317177&partnerID=40&md5=8ed07ce18890e79cf2946b3f13d8ffdd"
"Vesicular CLC chloride/proton exchangers in health and diseases","2023","10.3389/fphar.2023.1295068","https://www.scopus.com/inward/record.uri?eid=2-s2.0-85177458729&doi=10.3389%2Ffphar.2023.1295068&partnerID=40&md5=6d9dc973dca39916869c37849d3d3fde"
"Three-Dimensional Anatomical Analysis of Muscle–Skeletal Districts","2022","10.3390/app122312048","https://www.scopus.com/inward/record.uri?eid=2-s2.0-85143662223&doi=10.3390%2Fapp122312048&partnerID=40&md5=b19ae81265bcdda1b8ce718913f3abca"
